seqNumber,startDate,userId,endDate,lastModifiedDate
1,/Date(1349049600000)/,50005514,/Date(1364688000000)/,/Date(1419896903000)/
1,/Date(1349049600000)/,50005536,/Date(1375228800000)/,/Date(1419895482000)/
1,/Date(1349049600000)/,50005540,/Date(1396224000000)/,/Date(1419895485000)/
1,/Date(1349049600000)/,50005578,/Date(1393545600000)/,/Date(1419895487000)/
1,/Date(1349049600000)/,50005618,/Date(1369958400000)/,/Date(1419881388000)/
1,/Date(1349049600000)/,50005649,/Date(1364688000000)/,/Date(1419895493000)/
1,/Date(1349049600000)/,50005662,/Date(1362009600000)/,/Date(1419895493000)/
1,/Date(1349049600000)/,50005663,/Date(1364688000000)/,/Date(1427285707000)/
1,/Date(1349049600000)/,50005741,/Date(1367280000000)/,/Date(1419895500000)/
1,/Date(1349049600000)/,50005755,/Date(1419984000000)/,/Date(1474113869000)/
1,/Date(1349049600000)/,50005761,/Date(1419984000000)/,/Date(1474113869000)/
1,/Date(1349049600000)/,50005799,/Date(1380499200000)/,/Date(1419895500000)/
1,/Date(1349049600000)/,50005835,/Date(1380499200000)/,/Date(1420058074000)/
1,/Date(1349049600000)/,50005847,/Date(1364688000000)/,/Date(1419896922000)/
1,/Date(1349049600000)/,50005850,/Date(1364688000000)/,/Date(1419896923000)/
1,/Date(1349049600000)/,50005869,/Date(1396224000000)/,/Date(1427285731000)/
1,/Date(1349049600000)/,50005895,/Date(1367280000000)/,/Date(1427285735000)/
1,/Date(1349049600000)/,50005953,/Date(1359590400000)/,/Date(1419896930000)/
1,/Date(1349049600000)/,50005959,/Date(1359590400000)/,/Date(1419895518000)/
1,/Date(1349049600000)/,50005965,/Date(1364688000000)/,/Date(1419896935000)/
1,/Date(1349049600000)/,50005974,/Date(1364688000000)/,/Date(1427285743000)/
1,/Date(1349049600000)/,50005975,/Date(1364688000000)/,/Date(1419896935000)/
1,/Date(1349049600000)/,50005983,/Date(1377907200000)/,/Date(1419896935000)/
1,/Date(1349049600000)/,50006061,/Date(1359590400000)/,/Date(1427285755000)/
1,/Date(1349049600000)/,50006116,/Date(1364688000000)/,/Date(1419886497000)/
1,/Date(1349049600000)/,50006121,/Date(1396224000000)/,/Date(1419894082000)/
1,/Date(1349049600000)/,50006129,/Date(1377907200000)/,/Date(1419894083000)/
1,/Date(1349049600000)/,50006130,/Date(1419984000000)/,/Date(1419894083000)/
1,/Date(1349049600000)/,50006183,/Date(1419984000000)/,/Date(1419894377000)/
1,/Date(1349049600000)/,50006212,/Date(1398816000000)/,/Date(1474113872000)/
1,/Date(1349049600000)/,50006219,/Date(1369958400000)/,/Date(1427285774000)/
1,/Date(1349049600000)/,50006254,/Date(1364688000000)/,/Date(1419886498000)/
1,/Date(1349049600000)/,50006268,/Date(1359590400000)/,/Date(1419894093000)/
1,/Date(1349049600000)/,50006274,/Date(1419984000000)/,/Date(1419886498000)/
1,/Date(1349049600000)/,50006279,/Date(1364688000000)/,/Date(1419886498000)/
1,/Date(1349049600000)/,50006293,/Date(1359590400000)/,/Date(1427285783000)/
1,/Date(1349049600000)/,50006345,/Date(1364688000000)/,/Date(1419894383000)/
1,/Date(1349049600000)/,50006390,/Date(1358640000000)/,/Date(1474803193000)/
1,/Date(1349049600000)/,50006421,/Date(1364688000000)/,/Date(1419894104000)/
1,/Date(1349049600000)/,50006454,/Date(1419984000000)/,/Date(1474113880000)/
1,/Date(1349049600000)/,50006462,/Date(1367280000000)/,/Date(1419896953000)/
1,/Date(1349049600000)/,50006516,/Date(1377907200000)/,/Date(1419896964000)/
1,/Date(1349049600000)/,50006532,/Date(1364688000000)/,/Date(1419896966000)/
1,/Date(1349049600000)/,50006535,/Date(1364688000000)/,/Date(1419896966000)/
1,/Date(1349049600000)/,50006582,/Date(1393545600000)/,/Date(1419896973000)/
1,/Date(1349049600000)/,50006605,/Date(1364688000000)/,/Date(1422288096000)/
1,/Date(1349049600000)/,50006606,/Date(1393545600000)/,/Date(1419896978000)/
1,/Date(1349049600000)/,50006675,/Date(1396224000000)/,/Date(1419897001000)/
1,/Date(1349049600000)/,50006697,/Date(1377907200000)/,/Date(1419894400000)/
1,/Date(1349049600000)/,50006739,/Date(1383177600000)/,/Date(1419886497000)/
1,/Date(1349049600000)/,50006776,/Date(1364688000000)/,/Date(1419897009000)/
1,/Date(1349049600000)/,50006794,/Date(1380499200000)/,/Date(1511450082000)/
1,/Date(1349049600000)/,50006850,/Date(1364688000000)/,/Date(1499758029000)/
1,/Date(1349049600000)/,50006916,/Date(1364688000000)/,/Date(1419886500000)/
1,/Date(1349049600000)/,50006922,/Date(1364688000000)/,/Date(1419894402000)/
1,/Date(1349049600000)/,50006977,/Date(1364688000000)/,/Date(1419894114000)/
1,/Date(1349049600000)/,50006981,/Date(1393545600000)/,/Date(1419894406000)/
1,/Date(1349049600000)/,50006985,/Date(1377907200000)/,/Date(1419894406000)/
1,/Date(1349049600000)/,50006995,/Date(1393545600000)/,/Date(1419894115000)/
1,/Date(1349049600000)/,50007001,/Date(1388448000000)/,/Date(1419894409000)/
1,/Date(1349049600000)/,50007004,/Date(1393545600000)/,/Date(1419894409000)/
1,/Date(1349049600000)/,50007011,/Date(1393545600000)/,/Date(1419894117000)/
1,/Date(1349049600000)/,50007031,/Date(1393545600000)/,/Date(1419894412000)/
1,/Date(1349049600000)/,50007047,/Date(1372550400000)/,/Date(1420041350000)/
1,/Date(1349049600000)/,50007063,/Date(1393545600000)/,/Date(1419894124000)/
1,/Date(1349049600000)/,50007069,/Date(1384560000000)/,/Date(1422362647000)/
1,/Date(1349049600000)/,50007071,/Date(1393545600000)/,/Date(1419894416000)/
1,/Date(1349049600000)/,50007079,/Date(1364688000000)/,/Date(1419889809000)/
1,/Date(1349049600000)/,50007089,/Date(1393545600000)/,/Date(1419894126000)/
1,/Date(1349049600000)/,50007109,/Date(1367280000000)/,/Date(1419894130000)/
1,/Date(1349049600000)/,50007120,/Date(1364688000000)/,/Date(1419894419000)/
1,/Date(1349049600000)/,50007545,/Date(1364688000000)/,/Date(1517502224000)/
1,/Date(1349049600000)/,50007561,/Date(1372550400000)/,/Date(1427285952000)/
1,/Date(1349049600000)/,50007567,/Date(1360454400000)/,/Date(1517569258000)/
1,/Date(1349049600000)/,50007568,/Date(1364688000000)/,/Date(1517502227000)/
1,/Date(1349049600000)/,50007570,/Date(1364688000000)/,/Date(1419876712000)/
1,/Date(1349049600000)/,50007622,/Date(1358640000000)/,/Date(1536063067000)/
1,/Date(1349049600000)/,50007681,/Date(1364688000000)/,/Date(1499758500000)/
1,/Date(1349049600000)/,50007688,/Date(1398816000000)/,/Date(1474109818000)/
1,/Date(1349049600000)/,50007696,/Date(1369958400000)/,/Date(1517502279000)/
1,/Date(1349049600000)/,50007762,/Date(1357084800000)/,/Date(1499758511000)/
1,/Date(1349049600000)/,50007802,/Date(1364688000000)/,/Date(1517502303000)/
1,/Date(1349049600000)/,50008028,/Date(1364688000000)/,/Date(1499758524000)/
1,/Date(1349049600000)/,50008069,/Date(1364083200000)/,/Date(1419876712000)/
1,/Date(1349049600000)/,50008126,/Date(1364688000000)/,/Date(1517502333000)/
1,/Date(1349049600000)/,50008134,/Date(1364688000000)/,/Date(1499758528000)/
1,/Date(1349049600000)/,50008254,/Date(1419724800000)/,/Date(1419885928000)/
1,/Date(1349049600000)/,50008261,/Date(1364083200000)/,/Date(1420036335000)/
1,/Date(1349049600000)/,50008272,/Date(1364083200000)/,/Date(1419885934000)/
1,/Date(1349049600000)/,50008291,/Date(1364083200000)/,/Date(1419885939000)/
1,/Date(1349049600000)/,50008293,/Date(1359590400000)/,/Date(1419885939000)/
1,/Date(1349049600000)/,50008389,/Date(1364083200000)/,/Date(1419885274000)/
1,/Date(1349049600000)/,50008393,/Date(1364083200000)/,/Date(1419885278000)/
1,/Date(1349049600000)/,50008469,/Date(1359590400000)/,/Date(1419881430000)/
1,/Date(1349049600000)/,50008540,/Date(1364083200000)/,/Date(1419885959000)/
1,/Date(1349049600000)/,50008543,/Date(1364083200000)/,/Date(1419885959000)/
1,/Date(1349049600000)/,50008597,/Date(1359590400000)/,/Date(1419885969000)/
1,/Date(1349049600000)/,50008620,/Date(1364083200000)/,/Date(1419885975000)/
1,/Date(1349049600000)/,50008630,/Date(1364083200000)/,/Date(1419885976000)/
1,/Date(1349049600000)/,50008658,/Date(1364083200000)/,/Date(1419885988000)/
1,/Date(1349049600000)/,50008662,/Date(1364083200000)/,/Date(1419885989000)/
1,/Date(1349049600000)/,50008828,/Date(1360022400000)/,/Date(1427286104000)/
1,/Date(1349049600000)/,50008865,/Date(1364083200000)/,/Date(1419886020000)/
1,/Date(1349049600000)/,50008884,/Date(1364083200000)/,/Date(1419886024000)/
1,/Date(1349049600000)/,50008888,/Date(1390694400000)/,/Date(1419886026000)/
1,/Date(1349049600000)/,50008891,/Date(1364083200000)/,/Date(1419886027000)/
1,/Date(1349049600000)/,50009046,/Date(1364083200000)/,/Date(1419885326000)/
1,/Date(1349049600000)/,50009111,/Date(1372550400000)/,/Date(1419885343000)/
1,/Date(1349049600000)/,50009189,/Date(1364083200000)/,/Date(1419885373000)/
1,/Date(1349049600000)/,50009239,/Date(1364083200000)/,/Date(1419886050000)/
1,/Date(1349049600000)/,50009413,/Date(1364083200000)/,/Date(1419886072000)/
1,/Date(1349049600000)/,50009466,/Date(1364083200000)/,/Date(1420036716000)/
1,/Date(1349049600000)/,50009468,/Date(1364083200000)/,/Date(1419886077000)/
1,/Date(1349049600000)/,50009549,/Date(1364083200000)/,/Date(1419885396000)/
1,/Date(1349049600000)/,50009553,/Date(1364083200000)/,/Date(1419886087000)/
1,/Date(1349049600000)/,50009563,/Date(1364083200000)/,/Date(1427286164000)/
1,/Date(1349049600000)/,50009684,/Date(1364083200000)/,/Date(1419885409000)/
1,/Date(1349049600000)/,50009833,/Date(1364083200000)/,/Date(1536245661000)/
1,/Date(1349049600000)/,50009848,/Date(1364083200000)/,/Date(1536245665000)/
1,/Date(1349049600000)/,50009896,/Date(1372550400000)/,/Date(1536245696000)/
1,/Date(1349049600000)/,50009897,/Date(1364083200000)/,/Date(1536245696000)/
1,/Date(1349049600000)/,50009903,/Date(1419984000000)/,/Date(1536249275000)/
1,/Date(1349049600000)/,50009905,/Date(1393113600000)/,/Date(1419876713000)/
1,/Date(1349049600000)/,50010004,/Date(1364083200000)/,/Date(1419886123000)/
1,/Date(1349049600000)/,50010040,/Date(1364083200000)/,/Date(1419885418000)/
1,/Date(1349049600000)/,50010110,/Date(1364083200000)/,/Date(1419885423000)/
1,/Date(1349049600000)/,50010255,/Date(1364083200000)/,/Date(1419885448000)/
1,/Date(1349049600000)/,50010362,/Date(1359244800000)/,/Date(1419885475000)/
1,/Date(1349049600000)/,50010392,/Date(1419724800000)/,/Date(1439308828000)/
1,/Date(1349049600000)/,50010392-1,/Date(1372550400000)/,/Date(1419889822000)/
1,/Date(1349049600000)/,50010540,/Date(1395532800000)/,/Date(1419885509000)/
1,/Date(1349049600000)/,50010583,/Date(1372550400000)/,/Date(1419885518000)/
1,/Date(1349049600000)/,50010601,/Date(1364083200000)/,/Date(1419886181000)/
1,/Date(1349049600000)/,50011119,/Date(1364083200000)/,/Date(1419894443000)/
1,/Date(1349049600000)/,50011152,/Date(1377388800000)/,/Date(1419885583000)/
1,/Date(1349049600000)/,50011269,/Date(1364083200000)/,/Date(1419894453000)/
1,/Date(1349049600000)/,50011340,/Date(1364083200000)/,/Date(1419894460000)/
1,/Date(1349049600000)/,50011405,/Date(1359590400000)/,/Date(1427286298000)/
1,/Date(1349049600000)/,50011407,/Date(1364688000000)/,/Date(1419877047000)/
1,/Date(1349049600000)/,50011461,/Date(1375228800000)/,/Date(1419894466000)/
1,/Date(1349049600000)/,50011464,/Date(1375228800000)/,/Date(1419894466000)/
1,/Date(1349049600000)/,50011477,/Date(1375228800000)/,/Date(1419894468000)/
1,/Date(1349049600000)/,50011483,/Date(1375228800000)/,/Date(1420227200000)/
1,/Date(1349049600000)/,50011485,/Date(1375228800000)/,/Date(1419894472000)/
1,/Date(1349049600000)/,50011487,/Date(1375228800000)/,/Date(1419894472000)/
1,/Date(1349049600000)/,50011488,/Date(1375228800000)/,/Date(1419894472000)/
1,/Date(1349049600000)/,50011498,/Date(1375228800000)/,/Date(1419894473000)/
1,/Date(1349049600000)/,50011500,/Date(1375228800000)/,/Date(1419894475000)/
1,/Date(1349049600000)/,50011508,/Date(1359331200000)/,/Date(1419894479000)/
1,/Date(1349049600000)/,50011520,/Date(1367280000000)/,/Date(1474113961000)/
1,/Date(1349049600000)/,50011521,/Date(1364688000000)/,/Date(1427286306000)/
1,/Date(1349049600000)/,50011525,/Date(1375228800000)/,/Date(1419894480000)/
1,/Date(1349049600000)/,50011531,/Date(1364688000000)/,/Date(1427814894000)/
1,/Date(1349049600000)/,50011533,/Date(1375228800000)/,/Date(1419894482000)/
1,/Date(1349049600000)/,50011545,/Date(1375228800000)/,/Date(1420217229000)/
1,/Date(1349049600000)/,50011554,/Date(1357344000000)/,/Date(1427286311000)/
1,/Date(1349049600000)/,50011555,/Date(1375228800000)/,/Date(1419894485000)/
1,/Date(1349049600000)/,50011566,/Date(1375228800000)/,/Date(1419894489000)/
1,/Date(1349049600000)/,50011598,/Date(1388448000000)/,/Date(1419879561000)/
1,/Date(1349049600000)/,50011611,/Date(1364688000000)/,/Date(1419894499000)/
1,/Date(1349049600000)/,50011613,/Date(1396224000000)/,/Date(1419894499000)/
1,/Date(1349049600000)/,50011614,/Date(1364688000000)/,/Date(1419894499000)/
1,/Date(1349049600000)/,50011628,/Date(1362355200000)/,/Date(1419894503000)/
1,/Date(1349049600000)/,50011632,/Date(1368316800000)/,/Date(1419894505000)/
1,/Date(1349049600000)/,50011636,/Date(1419984000000)/,/Date(1474113961000)/
1,/Date(1349049600000)/,50011641,/Date(1375228800000)/,/Date(1419894507000)/
1,/Date(1349049600000)/,50011647,/Date(1375228800000)/,/Date(1419894509000)/
1,/Date(1349049600000)/,50011651,/Date(1364688000000)/,/Date(1419894510000)/
1,/Date(1349049600000)/,50011668,/Date(1375228800000)/,/Date(1419894517000)/
1,/Date(1349049600000)/,50011673,/Date(1375228800000)/,/Date(1419894517000)/
1,/Date(1349049600000)/,50011675,/Date(1375228800000)/,/Date(1419894518000)/
1,/Date(1349049600000)/,50011680,/Date(1372550400000)/,/Date(1419894177000)/
1,/Date(1349049600000)/,50011692,/Date(1380499200000)/,/Date(1419894518000)/
1,/Date(1349049600000)/,50011697,/Date(1375228800000)/,/Date(1419894522000)/
1,/Date(1349049600000)/,50011704,/Date(1375228800000)/,/Date(1419894179000)/
1,/Date(1349049600000)/,50011728,/Date(1375228800000)/,/Date(1419894524000)/
1,/Date(1349049600000)/,50011750,/Date(1396224000000)/,/Date(1419894529000)/
1,/Date(1349049600000)/,50011764,/Date(1375228800000)/,/Date(1419894531000)/
1,/Date(1349049600000)/,50011767,/Date(1364688000000)/,/Date(1419894531000)/
1,/Date(1349049600000)/,50011768,/Date(1364688000000)/,/Date(1419894531000)/
1,/Date(1349049600000)/,50011783,/Date(1364688000000)/,/Date(1419894536000)/
1,/Date(1349049600000)/,50011784,/Date(1419984000000)/,/Date(1474113961000)/
1,/Date(1349049600000)/,50011797,/Date(1419984000000)/,/Date(1474113964000)/
1,/Date(1349049600000)/,50011825,/Date(1375228800000)/,/Date(1419894545000)/
1,/Date(1349049600000)/,50011835,/Date(1375228800000)/,/Date(1419879359000)/
1,/Date(1349049600000)/,50011845,/Date(1362009600000)/,/Date(1419894549000)/
1,/Date(1349049600000)/,50011861,/Date(1375228800000)/,/Date(1419894555000)/
1,/Date(1349049600000)/,50011875,/Date(1358640000000)/,/Date(1427286331000)/
1,/Date(1349049600000)/,50011876,/Date(1375228800000)/,/Date(1419894556000)/
1,/Date(1349049600000)/,50011877,/Date(1375228800000)/,/Date(1419894559000)/
1,/Date(1349049600000)/,50011881,/Date(1375228800000)/,/Date(1419894559000)/
1,/Date(1349049600000)/,50011882,/Date(1359590400000)/,/Date(1427286331000)/
1,/Date(1349049600000)/,50011884,/Date(1375228800000)/,/Date(1420215869000)/
1,/Date(1349049600000)/,50011885,/Date(1375228800000)/,/Date(1419894560000)/
1,/Date(1349049600000)/,50011898,/Date(1372550400000)/,/Date(1419894562000)/
1,/Date(1349049600000)/,50011901,/Date(1372550400000)/,/Date(1420057177000)/
1,/Date(1349049600000)/,50011903,/Date(1375228800000)/,/Date(1419894179000)/
1,/Date(1349049600000)/,50011912,/Date(1364688000000)/,/Date(1419894562000)/
1,/Date(1349049600000)/,50011920,/Date(1375228800000)/,/Date(1419894562000)/
1,/Date(1349049600000)/,50011946,/Date(1357689600000)/,/Date(1419894179000)/
1,/Date(1349049600000)/,50011948,/Date(1375228800000)/,/Date(1419894562000)/
1,/Date(1349049600000)/,50011949,/Date(1375228800000)/,/Date(1419894562000)/
1,/Date(1349049600000)/,50011952,/Date(1375228800000)/,/Date(1419894179000)/
1,/Date(1349049600000)/,50012002,/Date(1367280000000)/,/Date(1419894180000)/
1,/Date(1349049600000)/,50012009,/Date(1367280000000)/,/Date(1419894565000)/
1,/Date(1349049600000)/,50012014,/Date(1367280000000)/,/Date(1419894568000)/
1,/Date(1349049600000)/,50012022,/Date(1364688000000)/,/Date(1419894569000)/
1,/Date(1349049600000)/,50012029,/Date(1363392000000)/,/Date(1419894183000)/
1,/Date(1349049600000)/,50012036,/Date(1375228800000)/,/Date(1419894569000)/
1,/Date(1349049600000)/,50012042,/Date(1367280000000)/,/Date(1419894570000)/
1,/Date(1349049600000)/,50012043,/Date(1360368000000)/,/Date(1419894183000)/
1,/Date(1349049600000)/,50012044,/Date(1364688000000)/,/Date(1419894570000)/
1,/Date(1349049600000)/,50012048,/Date(1375228800000)/,/Date(1419894572000)/
1,/Date(1349049600000)/,50012050,/Date(1377907200000)/,/Date(1419894572000)/
1,/Date(1349049600000)/,50012056,/Date(1375228800000)/,/Date(1419894185000)/
1,/Date(1349049600000)/,50012059,/Date(1375228800000)/,/Date(1419894185000)/
1,/Date(1349049600000)/,50012075,/Date(1375228800000)/,/Date(1419894575000)/
1,/Date(1349049600000)/,50012077,/Date(1369958400000)/,/Date(1419894575000)/
1,/Date(1349049600000)/,50012082,/Date(1372550400000)/,/Date(1419894187000)/
1,/Date(1349049600000)/,50012084,/Date(1372550400000)/,/Date(1419894579000)/
1,/Date(1349049600000)/,50012085,/Date(1372550400000)/,/Date(1419894579000)/
1,/Date(1349049600000)/,50012097,/Date(1375228800000)/,/Date(1419894187000)/
1,/Date(1349049600000)/,50012107,/Date(1364688000000)/,/Date(1419894190000)/
1,/Date(1349049600000)/,50012108,/Date(1364688000000)/,/Date(1419894581000)/
1,/Date(1349049600000)/,50012110,/Date(1375228800000)/,/Date(1419894582000)/
1,/Date(1349049600000)/,50012112,/Date(1362009600000)/,/Date(1419894582000)/
1,/Date(1349049600000)/,50012113,/Date(1375228800000)/,/Date(1419889825000)/
1,/Date(1349049600000)/,50012114,/Date(1375228800000)/,/Date(1419894582000)/
1,/Date(1349049600000)/,50012118,/Date(1375228800000)/,/Date(1419894582000)/
1,/Date(1349049600000)/,50012123,/Date(1372550400000)/,/Date(1419894582000)/
1,/Date(1349049600000)/,50012132,/Date(1375228800000)/,/Date(1419894192000)/
1,/Date(1349049600000)/,50012147,/Date(1375228800000)/,/Date(1419894585000)/
1,/Date(1349049600000)/,50012150,/Date(1364688000000)/,/Date(1419894586000)/
1,/Date(1349049600000)/,50012151,/Date(1375228800000)/,/Date(1419894586000)/
1,/Date(1349049600000)/,50012152,/Date(1364688000000)/,/Date(1419894192000)/
1,/Date(1349049600000)/,50012153,/Date(1375228800000)/,/Date(1419894586000)/
1,/Date(1349049600000)/,50012155,/Date(1364688000000)/,/Date(1419894589000)/
1,/Date(1349049600000)/,50012175,/Date(1359590400000)/,/Date(1419894194000)/
1,/Date(1349049600000)/,50012179,/Date(1372550400000)/,/Date(1419894592000)/
1,/Date(1349049600000)/,50012184,/Date(1375228800000)/,/Date(1419894196000)/
1,/Date(1349049600000)/,50012186,/Date(1375228800000)/,/Date(1419894592000)/
1,/Date(1349049600000)/,50012190,/Date(1364688000000)/,/Date(1419894592000)/
1,/Date(1349049600000)/,50012191,/Date(1375228800000)/,/Date(1419894196000)/
1,/Date(1349049600000)/,50012194,/Date(1375228800000)/,/Date(1419894198000)/
1,/Date(1349049600000)/,50012195,/Date(1375228800000)/,/Date(1419894198000)/
1,/Date(1349049600000)/,50012196,/Date(1375228800000)/,/Date(1419894198000)/
1,/Date(1349049600000)/,50012199,/Date(1375228800000)/,/Date(1427286345000)/
1,/Date(1349049600000)/,50012200,/Date(1364688000000)/,/Date(1419894592000)/
1,/Date(1349049600000)/,50012201,/Date(1375228800000)/,/Date(1419894592000)/
1,/Date(1349049600000)/,50012202,/Date(1375228800000)/,/Date(1419894595000)/
1,/Date(1349049600000)/,50012203,/Date(1375228800000)/,/Date(1419894595000)/
1,/Date(1349049600000)/,50012210,/Date(1375228800000)/,/Date(1419894198000)/
1,/Date(1349049600000)/,50012211,/Date(1375228800000)/,/Date(1419894198000)/
1,/Date(1349049600000)/,50012216,/Date(1375228800000)/,/Date(1419894595000)/
1,/Date(1349049600000)/,50012228,/Date(1375228800000)/,/Date(1419894598000)/
1,/Date(1349049600000)/,50012240,/Date(1385769600000)/,/Date(1420214630000)/
1,/Date(1349049600000)/,50012242,/Date(1375228800000)/,/Date(1419894602000)/
1,/Date(1349049600000)/,50012271,/Date(1359590400000)/,/Date(1419894606000)/
1,/Date(1349049600000)/,50012272,/Date(1375228800000)/,/Date(1419894606000)/
1,/Date(1349049600000)/,50012273,/Date(1375228800000)/,/Date(1419894607000)/
1,/Date(1349049600000)/,50012284,/Date(1375228800000)/,/Date(1419894607000)/
1,/Date(1349049600000)/,50012292,/Date(1375228800000)/,/Date(1419894608000)/
1,/Date(1349049600000)/,50012300,/Date(1375228800000)/,/Date(1419894609000)/
1,/Date(1349049600000)/,50012301,/Date(1373414400000)/,/Date(1419894613000)/
1,/Date(1349049600000)/,50012302,/Date(1359590400000)/,/Date(1420213629000)/
1,/Date(1349049600000)/,50012304,/Date(1375228800000)/,/Date(1419894613000)/
1,/Date(1349049600000)/,50012308,/Date(1372550400000)/,/Date(1427286353000)/
1,/Date(1349049600000)/,50012324,/Date(1360800000000)/,/Date(1419894615000)/
1,/Date(1349049600000)/,50012326,/Date(1375228800000)/,/Date(1419894616000)/
1,/Date(1349049600000)/,50012328,/Date(1371600000000)/,/Date(1419894616000)/
1,/Date(1349049600000)/,50012329,/Date(1375228800000)/,/Date(1419894618000)/
1,/Date(1349049600000)/,50012342,/Date(1375228800000)/,/Date(1419894621000)/
1,/Date(1349049600000)/,50012344,/Date(1375228800000)/,/Date(1419894621000)/
1,/Date(1349049600000)/,50012346,/Date(1375228800000)/,/Date(1420214800000)/
1,/Date(1349049600000)/,50012347,/Date(1375228800000)/,/Date(1419894622000)/
1,/Date(1349049600000)/,50012348,/Date(1375228800000)/,/Date(1419894622000)/
1,/Date(1349049600000)/,50012349,/Date(1357776000000)/,/Date(1419894623000)/
1,/Date(1349049600000)/,50012363,/Date(1364688000000)/,/Date(1427814894000)/
1,/Date(1349049600000)/,50012387,/Date(1364688000000)/,/Date(1419894200000)/
1,/Date(1349049600000)/,50012457,/Date(1364688000000)/,/Date(1419876713000)/
1,/Date(1349049600000)/,50012568,/Date(1359590400000)/,/Date(1427286367000)/
1,/Date(1349049600000)/,50012720,/Date(1364688000000)/,/Date(1419886659000)/
1,/Date(1349049600000)/,50012721,/Date(1364688000000)/,/Date(1419886659000)/
1,/Date(1349049600000)/,50012847,/Date(1362009600000)/,/Date(1419893740000)/
1,/Date(1349049600000)/,50012896,/Date(1364688000000)/,/Date(1419889129000)/
1,/Date(1349049600000)/,50012900,/Date(1367280000000)/,/Date(1419893742000)/
1,/Date(1349049600000)/,50012901,/Date(1359590400000)/,/Date(1427286386000)/
1,/Date(1349049600000)/,50013022,/Date(1362009600000)/,/Date(1419881461000)/
1,/Date(1349049600000)/,50013220,/Date(1359590400000)/,/Date(1511450070000)/
1,/Date(1349049600000)/,50013224,/Date(1364688000000)/,/Date(1511432449000)/
1,/Date(1349049600000)/,50013258,/Date(1419984000000)/,/Date(1466754231000)/
1,/Date(1349049600000)/,50013262,/Date(1361318400000)/,/Date(1474803744000)/
1,/Date(1349049600000)/,50013317,/Date(1362009600000)/,/Date(1528115543000)/
1,/Date(1349049600000)/,50013517,/Date(1364688000000)/,/Date(1420056237000)/
1,/Date(1349049600000)/,50013583,/Date(1364688000000)/,/Date(1499758534000)/
1,/Date(1349049600000)/,50018972,/Date(1419984000000)/,/Date(1419894640000)/
1,/Date(1349049600000)/,50020405,/Date(1364083200000)/,/Date(1420211437000)/
1,/Date(1349049600000)/,50031127,/Date(1364688000000)/,/Date(1419887943000)/
1,/Date(1349049600000)/,50031130,/Date(1372550400000)/,/Date(1419879519000)/
1,/Date(1349049600000)/,50033776,/Date(1393545600000)/,/Date(1419886678000)/
1,/Date(1349049600000)/,50037193,/Date(1364083200000)/,/Date(1419889167000)/
1,/Date(1349049600000)/,50040034,/Date(1364688000000)/,/Date(1499758540000)/
1,/Date(1349049600000)/,50041145,/Date(1383177600000)/,/Date(1419893776000)/
1,/Date(1349049600000)/,50050438,/Date(1364688000000)/,/Date(1419881469000)/
1,/Date(1349049600000)/,50066931,/Date(1364083200000)/,/Date(1419992752000)/
1,/Date(1349049600000)/,50078397,/Date(1369958400000)/,/Date(1419887957000)/
1,/Date(1349049600000)/,50078957,/Date(1364688000000)/,/Date(1419887957000)/
1,/Date(1349049600000)/,50085806,/Date(1388448000000)/,/Date(1419897056000)/
1,/Date(1349049600000)/,50085905,/Date(1396224000000)/,/Date(1419897056000)/
1,/Date(1349049600000)/,50085913,/Date(1419984000000)/,/Date(1419895571000)/
1,/Date(1349049600000)/,50085915,/Date(1364688000000)/,/Date(1419895571000)/
1,/Date(1349049600000)/,50087236,/Date(1396224000000)/,/Date(1419895572000)/
1,/Date(1349049600000)/,50088736,/Date(1380499200000)/,/Date(1474803765000)/
1,/Date(1349049600000)/,50089468,/Date(1364688000000)/,/Date(1419889185000)/
1,/Date(1349049600000)/,50090363,/Date(1362009600000)/,/Date(1419889185000)/
1,/Date(1349049600000)/,50091600,/Date(1380499200000)/,/Date(1419887965000)/
1,/Date(1349049600000)/,50096796,/Date(1359244800000)/,/Date(1419879519000)/
1,/Date(1349049600000)/,50096977,/Date(1364688000000)/,/Date(1518097484000)/
1,/Date(1349049600000)/,50097420,/Date(1364688000000)/,/Date(1419889192000)/
1,/Date(1349049600000)/,50097462,/Date(1364688000000)/,/Date(1419893796000)/
1,/Date(1349049600000)/,50097490,/Date(1396224000000)/,/Date(1419877047000)/
1,/Date(1349049600000)/,50097705,/Date(1364688000000)/,/Date(1419894234000)/
1,/Date(1349049600000)/,50097831,/Date(1419984000000)/,/Date(1419889832000)/
1,/Date(1349049600000)/,50100056,/Date(1364688000000)/,/Date(1419877576000)/
1,/Date(1349049600000)/,50103770,/Date(1364688000000)/,/Date(1419893798000)/
1,/Date(1349049600000)/,50107512,/Date(1364688000000)/,/Date(1419889199000)/
1,/Date(1349049600000)/,50107516,/Date(1364688000000)/,/Date(1419887977000)/
1,/Date(1349049600000)/,50107528,/Date(1364688000000)/,/Date(1419889200000)/
1,/Date(1349049600000)/,50107779,/Date(1364688000000)/,/Date(1419893802000)/
1,/Date(1349049600000)/,50107791,/Date(1364688000000)/,/Date(1427286718000)/
1,/Date(1349049600000)/,50107799,/Date(1364688000000)/,/Date(1419889200000)/
1,/Date(1349049600000)/,50110507,/Date(1364688000000)/,/Date(1440681070000)/
1,/Date(1349049600000)/,50111705,/Date(1364083200000)/,/Date(1419887981000)/
1,/Date(1349049600000)/,50113298,/Date(1364083200000)/,/Date(1419886694000)/
1,/Date(1349049600000)/,50113446,/Date(1364688000000)/,/Date(1419893804000)/
1,/Date(1349049600000)/,50113648,/Date(1364688000000)/,/Date(1419887983000)/
1,/Date(1349049600000)/,50113662,/Date(1364688000000)/,/Date(1419893805000)/
1,/Date(1349049600000)/,50115512,/Date(1364083200000)/,/Date(1427286741000)/
1,/Date(1349049600000)/,50117091,/Date(1364083200000)/,/Date(1419887984000)/
1,/Date(1349049600000)/,50117295,/Date(1364688000000)/,/Date(1419889211000)/
1,/Date(1349049600000)/,50117638,/Date(1388448000000)/,/Date(1419889210000)/
1,/Date(1349049600000)/,50118560,/Date(1360022400000)/,/Date(1528115614000)/
1,/Date(1349049600000)/,50118626,/Date(1364688000000)/,/Date(1419887989000)/
1,/Date(1349049600000)/,50118629,/Date(1364688000000)/,/Date(1419877047000)/
1,/Date(1349049600000)/,50119988,/Date(1364688000000)/,/Date(1419894244000)/
1,/Date(1349049600000)/,50120099,/Date(1364688000000)/,/Date(1419889211000)/
1,/Date(1349049600000)/,50121433,/Date(1364688000000)/,/Date(1419894244000)/
1,/Date(1349049600000)/,50129414,/Date(1364688000000)/,/Date(1419889216000)/
1,/Date(1349049600000)/,50160174,/Date(1364083200000)/,/Date(1536245986000)/
1,/Date(1349049600000)/,50163911,/Date(1364688000000)/,/Date(1427286838000)/
1,/Date(1349049600000)/,50163916,/Date(1364688000000)/,/Date(1427286838000)/
1,/Date(1349049600000)/,50163923,/Date(1364688000000)/,/Date(1419876713000)/
1,/Date(1349049600000)/,50163960,/Date(1359590400000)/,/Date(1427286840000)/
1,/Date(1349049600000)/,50163961,/Date(1364688000000)/,/Date(1419894250000)/
1,/Date(1349049600000)/,50163966,/Date(1364256000000)/,/Date(1422021182000)/
1,/Date(1349049600000)/,50163968,/Date(1364688000000)/,/Date(1419889223000)/
1,/Date(1349049600000)/,50163971,/Date(1364688000000)/,/Date(1419893823000)/
1,/Date(1349049600000)/,50166414,/Date(1388448000000)/,/Date(1419897058000)/
1,/Date(1349049600000)/,50183374,/Date(1396224000000)/,/Date(1419894250000)/
1,/Date(1349049600000)/,50184647,/Date(1419984000000)/,/Date(1474114027000)/
1,/Date(1349049600000)/,50184861,/Date(1364688000000)/,/Date(1419889231000)/
1,/Date(1349049600000)/,50192536,/Date(1388448000000)/,/Date(1419888012000)/
1,/Date(1349049600000)/,50198723,/Date(1359590400000)/,/Date(1427286902000)/
1,/Date(1349049600000)/,50200154,/Date(1364688000000)/,/Date(1419894255000)/
1,/Date(1349049600000)/,50200207,/Date(1364688000000)/,/Date(1419888018000)/
1,/Date(1349049600000)/,50200220,/Date(1364688000000)/,/Date(1419876713000)/
1,/Date(1349049600000)/,50200465,/Date(1419984000000)/,/Date(1474114029000)/
1,/Date(1349049600000)/,50201031,/Date(1364083200000)/,/Date(1419889241000)/
1,/Date(1349049600000)/,50201044,/Date(1364083200000)/,/Date(1427286910000)/
1,/Date(1349049600000)/,50202010,/Date(1375228800000)/,/Date(1427286918000)/
1,/Date(1349049600000)/,50203689,/Date(1369958400000)/,/Date(1419893841000)/
1,/Date(1349049600000)/,50215241,/Date(1364688000000)/,/Date(1419888027000)/
1,/Date(1349049600000)/,50215247,/Date(1364688000000)/,/Date(1419893845000)/
1,/Date(1349049600000)/,50217556,/Date(1364688000000)/,/Date(1474803772000)/
1,/Date(1349049600000)/,50217811,/Date(1369958400000)/,/Date(1439201342000)/
1,/Date(1349049600000)/,50219118,/Date(1364688000000)/,/Date(1419886712000)/
1,/Date(1349049600000)/,50220707,/Date(1364688000000)/,/Date(1419888031000)/
1,/Date(1349049600000)/,50221090,/Date(1364083200000)/,/Date(1419888032000)/
1,/Date(1349049600000)/,50222702,/Date(1364083200000)/,/Date(1447406056000)/
1,/Date(1349049600000)/,50225025,/Date(1364688000000)/,/Date(1419893851000)/
1,/Date(1349049600000)/,50225058,/Date(1364688000000)/,/Date(1419894264000)/
1,/Date(1349049600000)/,50230501,/Date(1364688000000)/,/Date(1419889273000)/
1,/Date(1349049600000)/,50230505,/Date(1364428800000)/,/Date(1421678373000)/
1,/Date(1349049600000)/,50230506,/Date(1364688000000)/,/Date(1427287004000)/
1,/Date(1349049600000)/,50230507,/Date(1364688000000)/,/Date(1419889273000)/
1,/Date(1349049600000)/,50230508,/Date(1364688000000)/,/Date(1419886715000)/
1,/Date(1349049600000)/,50230509,/Date(1364688000000)/,/Date(1427287008000)/
1,/Date(1349049600000)/,50230510,/Date(1364688000000)/,/Date(1419886715000)/
1,/Date(1349049600000)/,50230512,/Date(1364688000000)/,/Date(1427287008000)/
1,/Date(1349049600000)/,50230957,/Date(1364688000000)/,/Date(1419893857000)/
1,/Date(1349049600000)/,50233489,/Date(1364688000000)/,/Date(1419886717000)/
1,/Date(1349049600000)/,50233521,/Date(1419984000000)/,/Date(1474114040000)/
1,/Date(1349049600000)/,50240243,/Date(1364688000000)/,/Date(1419888045000)/
1,/Date(1349049600000)/,50240250,/Date(1364688000000)/,/Date(1419889287000)/
1,/Date(1349049600000)/,50240262,/Date(1364688000000)/,/Date(1420052757000)/
1,/Date(1349049600000)/,50240993,/Date(1364688000000)/,/Date(1419889287000)/
1,/Date(1349049600000)/,50241468,/Date(1364688000000)/,/Date(1419893864000)/
1,/Date(1349049600000)/,50243759,/Date(1419984000000)/,/Date(1474114045000)/
1,/Date(1349049600000)/,50246677,/Date(1364688000000)/,/Date(1419888048000)/
1,/Date(1349049600000)/,50250018,/Date(1359590400000)/,/Date(1427287083000)/
1,/Date(1349049600000)/,50255121,/Date(1364688000000)/,/Date(1419889298000)/
1,/Date(1349049600000)/,50255123,/Date(1364083200000)/,/Date(1419893870000)/
1,/Date(1349049600000)/,50264799,/Date(1364688000000)/,/Date(1419889303000)/
1,/Date(1349049600000)/,50265436,/Date(1392854400000)/,/Date(1419991405000)/
1,/Date(1349049600000)/,50265437,/Date(1364688000000)/,/Date(1419888057000)/
1,/Date(1349049600000)/,50266473,/Date(1419984000000)/,/Date(1474114045000)/
1,/Date(1349049600000)/,50267282,/Date(1369958400000)/,/Date(1438777865000)/
1,/Date(1349049600000)/,50280242,/Date(1419984000000)/,/Date(1419889311000)/
1,/Date(1349395200000)/,50007481,/Date(1364688000000)/,/Date(1420039001000)/
1,/Date(1349395200000)/,50013129,/Date(1356998400000)/,/Date(1499691396000)/
1,/Date(1349481600000)/,00019911,/Date(1419984000000)/,/Date(1517501841000)/
1,/Date(1349481600000)/,50010209,/Date(1397952000000)/,/Date(1725888186000)/
1,/Date(1349654400000)/,00001255,/Date(1364083200000)/,/Date(1419888886000)/
1,/Date(1349654400000)/,00002094,/Date(1388448000000)/,/Date(1419887727000)/
1,/Date(1349654400000)/,00020831,/Date(1410048000000)/,/Date(1419888943000)/
1,/Date(1349654400000)/,00035187,/Date(1364083200000)/,/Date(1419888968000)/
1,/Date(1349654400000)/,00044763,/Date(1364083200000)/,/Date(1419886424000)/
1,/Date(1349654400000)/,00049476,/Date(1359590400000)/,/Date(1419887809000)/
1,/Date(1349654400000)/,00057339,/Date(1395532800000)/,/Date(1419889010000)/
1,/Date(1349654400000)/,00058098,/Date(1381449600000)/,/Date(1427285178000)/
1,/Date(1349654400000)/,00059900,/Date(1412553600000)/,/Date(1427285187000)/
1,/Date(1349654400000)/,00062116,/Date(1364688000000)/,/Date(1499757611000)/
1,/Date(1349654400000)/,50006712,/Date(1360454400000)/,/Date(1419879358000)/
1,/Date(1349654400000)/,50006966,/Date(1364688000000)/,/Date(1422359659000)/
1,/Date(1349654400000)/,50008286,/Date(1419724800000)/,/Date(1419885938000)/
1,/Date(1349654400000)/,50008299,/Date(1362873600000)/,/Date(1419885940000)/
1,/Date(1349654400000)/,50008400,/Date(1419724800000)/,/Date(1419885278000)/
1,/Date(1349654400000)/,50008510,/Date(1419724800000)/,/Date(1419894139000)/
1,/Date(1349654400000)/,50008531,/Date(1364083200000)/,/Date(1419894139000)/
1,/Date(1349654400000)/,50008580,/Date(1364083200000)/,/Date(1419885965000)/
1,/Date(1349654400000)/,50008679,/Date(1364083200000)/,/Date(1419885993000)/
1,/Date(1349654400000)/,50008681,/Date(1364083200000)/,/Date(1419885994000)/
1,/Date(1349654400000)/,50008694,/Date(1419724800000)/,/Date(1419885998000)/
1,/Date(1349654400000)/,50008695,/Date(1364083200000)/,/Date(1419886598000)/
1,/Date(1349654400000)/,50008860,/Date(1388880000000)/,/Date(1418739458000)/
1,/Date(1349654400000)/,50008937,/Date(1419724800000)/,/Date(1419886037000)/
1,/Date(1349654400000)/,50008939,/Date(1364083200000)/,/Date(1419886039000)/
1,/Date(1349654400000)/,50008943,/Date(1395532800000)/,/Date(1419886038000)/
1,/Date(1349654400000)/,50008983,/Date(1364083200000)/,/Date(1427286114000)/
1,/Date(1349654400000)/,50009320,/Date(1359590400000)/,/Date(1419886059000)/
1,/Date(1349654400000)/,50009323,/Date(1359590400000)/,/Date(1419886060000)/
1,/Date(1349654400000)/,50009384,/Date(1419724800000)/,/Date(1419894143000)/
1,/Date(1349654400000)/,50009455,/Date(1364083200000)/,/Date(1419886075000)/
1,/Date(1349654400000)/,50009472,/Date(1364083200000)/,/Date(1419886077000)/
1,/Date(1349654400000)/,50009477,/Date(1359590400000)/,/Date(1419886079000)/
1,/Date(1349654400000)/,50009510,/Date(1388448000000)/,/Date(1419886084000)/
1,/Date(1349654400000)/,50009646,/Date(1395532800000)/,/Date(1419894145000)/
1,/Date(1349654400000)/,50009673,/Date(1364083200000)/,/Date(1419894145000)/
1,/Date(1349654400000)/,50009952,/Date(1395532800000)/,/Date(1419876713000)/
1,/Date(1349654400000)/,50010220,/Date(1364083200000)/,/Date(1419886139000)/
1,/Date(1349654400000)/,50010552,/Date(1359590400000)/,/Date(1419886173000)/
1,/Date(1349654400000)/,50010729,/Date(1359590400000)/,/Date(1419886202000)/
1,/Date(1349654400000)/,50011012,/Date(1419724800000)/,/Date(1419897027000)/
1,/Date(1349654400000)/,50011072,/Date(1364083200000)/,/Date(1419894150000)/
1,/Date(1349654400000)/,50011091,/Date(1401753600000)/,/Date(1427286270000)/
1,/Date(1349654400000)/,50011253,/Date(1395532800000)/,/Date(1419894449000)/
1,/Date(1349654400000)/,50011277,/Date(1395532800000)/,/Date(1419894159000)/
1,/Date(1349654400000)/,50011367,/Date(1359590400000)/,/Date(1419894166000)/
1,/Date(1349654400000)/,50011370,/Date(1419724800000)/,/Date(1419894167000)/
1,/Date(1349654400000)/,50013419,/Date(1364083200000)/,/Date(1419893756000)/
1,/Date(1349654400000)/,50013636,/Date(1364083200000)/,/Date(1427286451000)/
1,/Date(1349654400000)/,50013640,/Date(1364083200000)/,/Date(1419889153000)/
1,/Date(1349654400000)/,50036234,/Date(1401494400000)/,/Date(1419879519000)/
1,/Date(1349654400000)/,50109205,/Date(1359676800000)/,/Date(1427286722000)/
1,/Date(1349654400000)/,50115871,/Date(1359590400000)/,/Date(1419887983000)/
1,/Date(1349654400000)/,50196798,/Date(1364083200000)/,/Date(1419889240000)/
1,/Date(1349740800000)/,50009294,/Date(1419724800000)/,/Date(1474113916000)/
1,/Date(1349740800000)/,50220672,/Date(1364688000000)/,/Date(1419886715000)/
1,/Date(1349740800000)/,50262955,/Date(1419984000000)/,/Date(1536249268000)/
1,/Date(1349827200000)/,00035555,/Date(1419984000000)/,/Date(1517501849000)/
1,/Date(1349827200000)/,00058874,/Date(1388448000000)/,/Date(1419889013000)/
1,/Date(1349827200000)/,50012615,/Date(1364688000000)/,/Date(1440588565000)/
1,/Date(1349827200000)/,50012928,/Date(1364688000000)/,/Date(1427286390000)/
1,/Date(1349913600000)/,50010183,/Date(1364083200000)/,/Date(1419991837000)/
1,/Date(1350000000000)/,00046798,/Date(1365292800000)/,/Date(1419893987000)/
1,/Date(1350000000000)/,50013518,/Date(1419724800000)/,/Date(1725888195000)/
1,/Date(1350086400000)/,00048641,/Date(1413676800000)/,/Date(1474113778000)/
1,/Date(1350086400000)/,50163579,/Date(1419984000000)/,/Date(1460461686000)/
1,/Date(1350259200000)/,00037779,/Date(1388448000000)/,/Date(1474113773000)/
1,/Date(1350259200000)/,00063355,/Date(1359072000000)/,/Date(1427285197000)/
1,/Date(1350259200000)/,00063415,/Date(1359590400000)/,/Date(1528112865000)/
1,/Date(1350259200000)/,50005632,/Date(1397520000000)/,/Date(1420201684000)/
1,/Date(1350259200000)/,50006943,/Date(1359590400000)/,/Date(1427285878000)/
1,/Date(1350259200000)/,50007599,/Date(1362009600000)/,/Date(1474803471000)/
1,/Date(1350259200000)/,50008516,/Date(1364083200000)/,/Date(1419895542000)/
1,/Date(1350259200000)/,50280736,/Date(1364688000000)/,/Date(1419893879000)/
1,/Date(1350345600000)/,00059478,/Date(1419984000000)/,/Date(1474113789000)/
1,/Date(1350345600000)/,50007744,/Date(1419984000000)/,/Date(1466754218000)/
1,/Date(1350345600000)/,50225035,/Date(1364688000000)/,/Date(1432033398000)/
1,/Date(1350432000000)/,00056414,/Date(1372550400000)/,/Date(1419886439000)/
1,/Date(1350518400000)/,50007400,/Date(1419984000000)/,/Date(1474803197000)/
1,/Date(1350691200000)/,00010109,/Date(1359590400000)/,/Date(1420054417000)/
1,/Date(1350691200000)/,50006895,/Date(1419984000000)/,/Date(1474113881000)/
1,/Date(1350691200000)/,50007206,/Date(1358467200000)/,/Date(1517502086000)/
1,/Date(1350691200000)/,50011297,/Date(1419724800000)/,/Date(1725888192000)/
1,/Date(1350691200000)/,50011537,/Date(1376265600000)/,/Date(1420212633000)/
1,/Date(1350691200000)/,50013442,/Date(1419724800000)/,/Date(1474113983000)/
1,/Date(1350691200000)/,50109658,/Date(1419724800000)/,/Date(1725888197000)/
1,/Date(1350864000000)/,00007689,/Date(1364083200000)/,/Date(1419887733000)/
1,/Date(1350864000000)/,50006734,/Date(1364688000000)/,/Date(1427285827000)/
1,/Date(1350864000000)/,50008309,/Date(1370131200000)/,/Date(1418739311000)/
1,/Date(1350864000000)/,50008331,/Date(1364083200000)/,/Date(1419885949000)/
1,/Date(1350864000000)/,50008401,/Date(1364083200000)/,/Date(1419885279000)/
1,/Date(1350864000000)/,50008460,/Date(1364083200000)/,/Date(1419885293000)/
1,/Date(1350864000000)/,50008559,/Date(1372550400000)/,/Date(1419885962000)/
1,/Date(1350864000000)/,50008560,/Date(1364083200000)/,/Date(1419885962000)/
1,/Date(1350864000000)/,50008585,/Date(1364083200000)/,/Date(1419886596000)/
1,/Date(1350864000000)/,50008673,/Date(1364083200000)/,/Date(1419885993000)/
1,/Date(1350864000000)/,50008715,/Date(1364083200000)/,/Date(1419886000000)/
1,/Date(1350864000000)/,50008789,/Date(1364083200000)/,/Date(1419895543000)/
1,/Date(1350864000000)/,50008950,/Date(1364083200000)/,/Date(1419886042000)/
1,/Date(1350864000000)/,50009254,/Date(1359676800000)/,/Date(1418739459000)/
1,/Date(1350864000000)/,50009352,/Date(1375228800000)/,/Date(1418739478000)/
1,/Date(1350864000000)/,50009433,/Date(1371340800000)/,/Date(1419886606000)/
1,/Date(1350864000000)/,50009436,/Date(1359590400000)/,/Date(1419886075000)/
1,/Date(1350864000000)/,50009742,/Date(1378598400000)/,/Date(1419886111000)/
1,/Date(1350864000000)/,50010067,/Date(1395532800000)/,/Date(1419886125000)/
1,/Date(1350864000000)/,50010107,/Date(1375228800000)/,/Date(1419885422000)/
1,/Date(1350864000000)/,50010165,/Date(1388448000000)/,/Date(1419886133000)/
1,/Date(1350864000000)/,50010179,/Date(1364083200000)/,/Date(1419886134000)/
1,/Date(1350864000000)/,50010238,/Date(1359590400000)/,/Date(1419885444000)/
1,/Date(1350864000000)/,50010260,/Date(1377388800000)/,/Date(1419885451000)/
1,/Date(1350864000000)/,50010268,/Date(1375228800000)/,/Date(1419885454000)/
1,/Date(1350864000000)/,50010281,/Date(1377388800000)/,/Date(1419885455000)/
1,/Date(1350864000000)/,50010282,/Date(1364083200000)/,/Date(1418739478000)/
1,/Date(1350864000000)/,50010283,/Date(1364083200000)/,/Date(1419885457000)/
1,/Date(1350864000000)/,50010287,/Date(1388275200000)/,/Date(1419886147000)/
1,/Date(1350864000000)/,50010289,/Date(1364083200000)/,/Date(1419885458000)/
1,/Date(1350864000000)/,50010300,/Date(1364083200000)/,/Date(1419885460000)/
1,/Date(1350864000000)/,50010301,/Date(1388448000000)/,/Date(1419885460000)/
1,/Date(1350864000000)/,50010303,/Date(1364083200000)/,/Date(1419886147000)/
1,/Date(1350864000000)/,50010310,/Date(1364083200000)/,/Date(1427286220000)/
1,/Date(1350864000000)/,50010314,/Date(1364083200000)/,/Date(1419886148000)/
1,/Date(1350864000000)/,50010316,/Date(1364083200000)/,/Date(1419885464000)/
1,/Date(1350864000000)/,50010317,/Date(1364083200000)/,/Date(1419885465000)/
1,/Date(1350864000000)/,50010322,/Date(1364083200000)/,/Date(1427286220000)/
1,/Date(1350864000000)/,50010325,/Date(1375228800000)/,/Date(1419885466000)/
1,/Date(1350864000000)/,50010355,/Date(1419724800000)/,/Date(1419881445000)/
1,/Date(1350864000000)/,50010395,/Date(1364083200000)/,/Date(1419997594000)/
1,/Date(1350864000000)/,50010407,/Date(1372550400000)/,/Date(1419886156000)/
1,/Date(1350864000000)/,50010618,/Date(1364083200000)/,/Date(1419885523000)/
1,/Date(1350864000000)/,50010643,/Date(1364083200000)/,/Date(1419886189000)/
1,/Date(1350864000000)/,50010644,/Date(1364083200000)/,/Date(1427286238000)/
1,/Date(1350864000000)/,50010765,/Date(1364083200000)/,/Date(1419886208000)/
1,/Date(1350864000000)/,50010767,/Date(1364083200000)/,/Date(1419885548000)/
1,/Date(1350864000000)/,50010768,/Date(1364083200000)/,/Date(1418739493000)/
1,/Date(1350864000000)/,50010769,/Date(1364083200000)/,/Date(1419885548000)/
1,/Date(1350864000000)/,50010770,/Date(1364083200000)/,/Date(1419885549000)/
1,/Date(1350864000000)/,50010774,/Date(1364083200000)/,/Date(1419886209000)/
1,/Date(1350864000000)/,50010782,/Date(1359590400000)/,/Date(1419886209000)/
1,/Date(1350864000000)/,50010889,/Date(1364083200000)/,/Date(1419885568000)/
1,/Date(1350864000000)/,50010955,/Date(1364083200000)/,/Date(1419885576000)/
1,/Date(1350864000000)/,50011314,/Date(1359590400000)/,/Date(1419894455000)/
1,/Date(1350864000000)/,50011434,/Date(1364083200000)/,/Date(1419889121000)/
1,/Date(1350864000000)/,50012442,/Date(1364083200000)/,/Date(1419894629000)/
1,/Date(1350864000000)/,50030148,/Date(1358035200000)/,/Date(1419889160000)/
1,/Date(1350864000000)/,50039530,/Date(1401494400000)/,/Date(1419893772000)/
1,/Date(1350864000000)/,50041136,/Date(1396224000000)/,/Date(1518013018000)/
1,/Date(1350864000000)/,50119271,/Date(1359590400000)/,/Date(1419887991000)/
1,/Date(1351296000000)/,50253113,/Date(1362009600000)/,/Date(1528115624000)/
1,/Date(1351468800000)/,00059723,/Date(1364688000000)/,/Date(1517501897000)/
1,/Date(1351468800000)/,50003145,/Date(1362009600000)/,/Date(1442847919000)/
1,/Date(1351468800000)/,50008869,/Date(1419724800000)/,/Date(1725888180000)/
1,/Date(1351468800000)/,50041636,/Date(1359590400000)/,/Date(1536245972000)/
1,/Date(1351641600000)/,00043018,/Date(1359590400000)/,/Date(1427285086000)/
1,/Date(1351728000000)/,00000046,/Date(1396224000000)/,/Date(1419886391000)/
1,/Date(1351728000000)/,00000053,/Date(1364688000000)/,/Date(1419881326000)/
1,/Date(1351728000000)/,00000263,/Date(1364688000000)/,/Date(1427284789000)/
1,/Date(1351728000000)/,00000609,/Date(1377907200000)/,/Date(1419888887000)/
1,/Date(1351728000000)/,00001254,/Date(1359072000000)/,/Date(1427284794000)/
1,/Date(1351728000000)/,00001970,/Date(1419984000000)/,/Date(1419888888000)/
1,/Date(1351728000000)/,00002115,/Date(1364688000000)/,/Date(1419877047000)/
1,/Date(1351728000000)/,00002190,/Date(1364688000000)/,/Date(1419888893000)/
1,/Date(1351728000000)/,00002191,/Date(1364688000000)/,/Date(1419888893000)/
1,/Date(1351728000000)/,00002193,/Date(1364688000000)/,/Date(1419888893000)/
1,/Date(1351728000000)/,00002195,/Date(1364688000000)/,/Date(1427284805000)/
1,/Date(1351728000000)/,00002196,/Date(1364688000000)/,/Date(1419888893000)/
1,/Date(1351728000000)/,00002452,/Date(1364688000000)/,/Date(1419888893000)/
1,/Date(1351728000000)/,00002658,/Date(1364688000000)/,/Date(1419893946000)/
1,/Date(1351728000000)/,00002659,/Date(1359590400000)/,/Date(1427284806000)/
1,/Date(1351728000000)/,00002660,/Date(1364688000000)/,/Date(1419893555000)/
1,/Date(1351728000000)/,00003192,/Date(1364688000000)/,/Date(1427284810000)/
1,/Date(1351728000000)/,00003492,/Date(1364688000000)/,/Date(1419886393000)/
1,/Date(1351728000000)/,00003493,/Date(1364688000000)/,/Date(1419887727000)/
1,/Date(1351728000000)/,00003494,/Date(1364688000000)/,/Date(1419887727000)/
1,/Date(1351728000000)/,00004406,/Date(1364688000000)/,/Date(1419888895000)/
1,/Date(1351728000000)/,00004732,/Date(1364688000000)/,/Date(1419877576000)/
1,/Date(1351728000000)/,00005688,/Date(1364688000000)/,/Date(1419893562000)/
1,/Date(1351728000000)/,00006305,/Date(1364688000000)/,/Date(1517474293000)/
1,/Date(1351728000000)/,00007301,/Date(1364688000000)/,/Date(1419887733000)/
1,/Date(1351728000000)/,00007942,/Date(1364688000000)/,/Date(1419893947000)/
1,/Date(1351728000000)/,00008366,/Date(1364688000000)/,/Date(1419893566000)/
1,/Date(1351728000000)/,00008482,/Date(1364688000000)/,/Date(1419895261000)/
1,/Date(1351728000000)/,00009383,/Date(1359590400000)/,/Date(1419888904000)/
1,/Date(1351728000000)/,00009405,/Date(1364688000000)/,/Date(1419893568000)/
1,/Date(1351728000000)/,00010859,/Date(1364688000000)/,/Date(1427284893000)/
1,/Date(1351728000000)/,00010970,/Date(1362009600000)/,/Date(1427284900000)/
1,/Date(1351728000000)/,00010973,/Date(1364688000000)/,/Date(1419887743000)/
1,/Date(1351728000000)/,00010974,/Date(1364688000000)/,/Date(1419893579000)/
1,/Date(1351728000000)/,00011629,/Date(1375228800000)/,/Date(1419887745000)/
1,/Date(1351728000000)/,00011926,/Date(1364688000000)/,/Date(1419893579000)/
1,/Date(1351728000000)/,00012691,/Date(1361404800000)/,/Date(1419888920000)/
1,/Date(1351728000000)/,00012745,/Date(1364083200000)/,/Date(1419893952000)/
1,/Date(1351728000000)/,00012779,/Date(1364688000000)/,/Date(1419893581000)/
1,/Date(1351728000000)/,00012780,/Date(1364688000000)/,/Date(1419893953000)/
1,/Date(1351728000000)/,00012788,/Date(1364688000000)/,/Date(1419886402000)/
1,/Date(1351728000000)/,00012791,/Date(1377907200000)/,/Date(1499757098000)/
1,/Date(1351728000000)/,00013133,/Date(1364688000000)/,/Date(1419893581000)/
1,/Date(1351728000000)/,00013227,/Date(1362009600000)/,/Date(1427284921000)/
1,/Date(1351728000000)/,00013231,/Date(1366156800000)/,/Date(1427284920000)/
1,/Date(1351728000000)/,00013232,/Date(1364688000000)/,/Date(1419887749000)/
1,/Date(1351728000000)/,00013233,/Date(1364688000000)/,/Date(1419893958000)/
1,/Date(1351728000000)/,00013620,/Date(1364688000000)/,/Date(1419893958000)/
1,/Date(1351728000000)/,00013871,/Date(1364688000000)/,/Date(1419887750000)/
1,/Date(1351728000000)/,00013977,/Date(1362009600000)/,/Date(1419888921000)/
1,/Date(1351728000000)/,00014044,/Date(1367280000000)/,/Date(1419888925000)/
1,/Date(1351728000000)/,00014067,/Date(1396224000000)/,/Date(1419886402000)/
1,/Date(1351728000000)/,00014366,/Date(1362009600000)/,/Date(1419877576000)/
1,/Date(1351728000000)/,00014490,/Date(1364688000000)/,/Date(1419888925000)/
1,/Date(1351728000000)/,00014491,/Date(1364688000000)/,/Date(1419888925000)/
1,/Date(1351728000000)/,00014496,/Date(1364169600000)/,/Date(1427284944000)/
1,/Date(1351728000000)/,00015178,/Date(1364688000000)/,/Date(1427284948000)/
1,/Date(1351728000000)/,00015180,/Date(1360022400000)/,/Date(1419893587000)/
1,/Date(1351728000000)/,00015724,/Date(1377907200000)/,/Date(1427284951000)/
1,/Date(1351728000000)/,00015822,/Date(1364688000000)/,/Date(1419888926000)/
1,/Date(1351728000000)/,00015857,/Date(1409443200000)/,/Date(1427284954000)/
1,/Date(1351728000000)/,00015863,/Date(1359849600000)/,/Date(1420039770000)/
1,/Date(1351728000000)/,00015948,/Date(1364688000000)/,/Date(1499757100000)/
1,/Date(1351728000000)/,00016421,/Date(1393545600000)/,/Date(1419887756000)/
1,/Date(1351728000000)/,00017329,/Date(1364688000000)/,/Date(1419879559000)/
1,/Date(1351728000000)/,00017330,/Date(1364688000000)/,/Date(1419893590000)/
1,/Date(1351728000000)/,00017331,/Date(1364688000000)/,/Date(1419887757000)/
1,/Date(1351728000000)/,00017332,/Date(1364688000000)/,/Date(1427284960000)/
1,/Date(1351728000000)/,00017333,/Date(1364688000000)/,/Date(1419886404000)/
1,/Date(1351728000000)/,00017335,/Date(1364688000000)/,/Date(1419887757000)/
1,/Date(1351728000000)/,00017336,/Date(1364688000000)/,/Date(1419888931000)/
1,/Date(1351728000000)/,00017338,/Date(1364688000000)/,/Date(1419887758000)/
1,/Date(1351728000000)/,00017340,/Date(1364688000000)/,/Date(1419893590000)/
1,/Date(1351728000000)/,00017633,/Date(1364688000000)/,/Date(1419893592000)/
1,/Date(1351728000000)/,00017648,/Date(1364688000000)/,/Date(1419887762000)/
1,/Date(1351728000000)/,00018069,/Date(1369958400000)/,/Date(1419888936000)/
1,/Date(1351728000000)/,00018211,/Date(1380499200000)/,/Date(1419887763000)/
1,/Date(1351728000000)/,00018351,/Date(1364688000000)/,/Date(1419881326000)/
1,/Date(1351728000000)/,00018575,/Date(1364688000000)/,/Date(1419893962000)/
1,/Date(1351728000000)/,00019285,/Date(1419984000000)/,/Date(1474113761000)/
1,/Date(1351728000000)/,00019418,/Date(1362009600000)/,/Date(1419888938000)/
1,/Date(1351728000000)/,00019420,/Date(1362009600000)/,/Date(1419893964000)/
1,/Date(1351728000000)/,00019801,/Date(1364688000000)/,/Date(1419893964000)/
1,/Date(1351728000000)/,00019802,/Date(1364688000000)/,/Date(1427284988000)/
1,/Date(1351728000000)/,00019810,/Date(1364688000000)/,/Date(1419887768000)/
1,/Date(1351728000000)/,00019816,/Date(1359590400000)/,/Date(1427284989000)/
1,/Date(1351728000000)/,00019853,/Date(1364688000000)/,/Date(1419886407000)/
1,/Date(1351728000000)/,00020030,/Date(1364688000000)/,/Date(1427284995000)/
1,/Date(1351728000000)/,00020031,/Date(1364688000000)/,/Date(1419893598000)/
1,/Date(1351728000000)/,00020032,/Date(1364688000000)/,/Date(1419888941000)/
1,/Date(1351728000000)/,00020238,/Date(1364688000000)/,/Date(1419888943000)/
1,/Date(1351728000000)/,00020478,/Date(1364688000000)/,/Date(1427814894000)/
1,/Date(1351728000000)/,00020690,/Date(1362009600000)/,/Date(1419876712000)/
1,/Date(1351728000000)/,00020764,/Date(1364688000000)/,/Date(1419887770000)/
1,/Date(1351728000000)/,00020765,/Date(1364688000000)/,/Date(1419893599000)/
1,/Date(1351728000000)/,00020766,/Date(1364688000000)/,/Date(1419893599000)/
1,/Date(1351728000000)/,00020767,/Date(1364688000000)/,/Date(1419893599000)/
1,/Date(1351728000000)/,00020817,/Date(1364688000000)/,/Date(1419893968000)/
1,/Date(1351728000000)/,00020855,/Date(1364688000000)/,/Date(1419893600000)/
1,/Date(1351728000000)/,00021188,/Date(1358294400000)/,/Date(1419893602000)/
1,/Date(1351728000000)/,00021271,/Date(1364688000000)/,/Date(1419887769000)/
1,/Date(1351728000000)/,00022629,/Date(1359590400000)/,/Date(1419887771000)/
1,/Date(1351728000000)/,00025292,/Date(1364688000000)/,/Date(1419893970000)/
1,/Date(1351728000000)/,00026969,/Date(1364688000000)/,/Date(1419893608000)/
1,/Date(1351728000000)/,00028294,/Date(1364688000000)/,/Date(1419893971000)/
1,/Date(1351728000000)/,00032009,/Date(1359590400000)/,/Date(1419893614000)/
1,/Date(1351728000000)/,00033192,/Date(1359590400000)/,/Date(1419886418000)/
1,/Date(1351728000000)/,00033901,/Date(1419984000000)/,/Date(1474113773000)/
1,/Date(1351728000000)/,00035249,/Date(1388448000000)/,/Date(1419887784000)/
1,/Date(1351728000000)/,00035707,/Date(1364688000000)/,/Date(1419887786000)/
1,/Date(1351728000000)/,00035994,/Date(1388448000000)/,/Date(1474113773000)/
1,/Date(1351728000000)/,00036043,/Date(1364688000000)/,/Date(1419886418000)/
1,/Date(1351728000000)/,00036156,/Date(1364688000000)/,/Date(1419893977000)/
1,/Date(1351728000000)/,00036705,/Date(1365292800000)/,/Date(1419887788000)/
1,/Date(1351728000000)/,00036787,/Date(1365292800000)/,/Date(1427285054000)/
1,/Date(1351728000000)/,00037078,/Date(1364688000000)/,/Date(1419888973000)/
1,/Date(1351728000000)/,00037573,/Date(1364688000000)/,/Date(1419893620000)/
1,/Date(1351728000000)/,00038168,/Date(1364688000000)/,/Date(1419888974000)/
1,/Date(1351728000000)/,00038171,/Date(1364688000000)/,/Date(1419893981000)/
1,/Date(1351728000000)/,00038222,/Date(1362009600000)/,/Date(1427285057000)/
1,/Date(1351728000000)/,00038390,/Date(1364688000000)/,/Date(1419888974000)/
1,/Date(1351728000000)/,00038391,/Date(1364688000000)/,/Date(1419887790000)/
1,/Date(1351728000000)/,00038392,/Date(1364688000000)/,/Date(1419893620000)/
1,/Date(1351728000000)/,00039023,/Date(1377907200000)/,/Date(1419886423000)/
1,/Date(1351728000000)/,00039270,/Date(1377907200000)/,/Date(1419888974000)/
1,/Date(1351728000000)/,00039274,/Date(1364688000000)/,/Date(1427285062000)/
1,/Date(1351728000000)/,00039276,/Date(1364688000000)/,/Date(1419887792000)/
1,/Date(1351728000000)/,00039277,/Date(1364688000000)/,/Date(1419893981000)/
1,/Date(1351728000000)/,00039279,/Date(1364688000000)/,/Date(1419886423000)/
1,/Date(1351728000000)/,00039280,/Date(1364688000000)/,/Date(1419888977000)/
1,/Date(1351728000000)/,00039832,/Date(1364688000000)/,/Date(1427285067000)/
1,/Date(1351728000000)/,00040538,/Date(1364688000000)/,/Date(1419893624000)/
1,/Date(1351728000000)/,00040720,/Date(1364688000000)/,/Date(1419893624000)/
1,/Date(1351728000000)/,00040933,/Date(1360108800000)/,/Date(1427285077000)/
1,/Date(1351728000000)/,00041582,/Date(1364688000000)/,/Date(1517501849000)/
1,/Date(1351728000000)/,00041598,/Date(1364083200000)/,/Date(1536245422000)/
1,/Date(1351728000000)/,00042024,/Date(1380499200000)/,/Date(1427285081000)/
1,/Date(1351728000000)/,00042312,/Date(1364688000000)/,/Date(1419888981000)/
1,/Date(1351728000000)/,00042314,/Date(1364688000000)/,/Date(1419893983000)/
1,/Date(1351728000000)/,00044306,/Date(1364688000000)/,/Date(1419877047000)/
1,/Date(1351728000000)/,00045481,/Date(1419984000000)/,/Date(1419893987000)/
1,/Date(1351728000000)/,00045576,/Date(1393545600000)/,/Date(1499757610000)/
1,/Date(1351728000000)/,00045967,/Date(1362009600000)/,/Date(1499757610000)/
1,/Date(1351728000000)/,00046163,/Date(1377907200000)/,/Date(1427285097000)/
1,/Date(1351728000000)/,00046206,/Date(1359590400000)/,/Date(1419886428000)/
1,/Date(1351728000000)/,00046272,/Date(1364688000000)/,/Date(1419893628000)/
1,/Date(1351728000000)/,00046344,/Date(1364688000000)/,/Date(1499757610000)/
1,/Date(1351728000000)/,00046703,/Date(1364688000000)/,/Date(1419893630000)/
1,/Date(1351728000000)/,00047884,/Date(1364688000000)/,/Date(1419887806000)/
1,/Date(1351728000000)/,00047964,/Date(1364688000000)/,/Date(1427285109000)/
1,/Date(1351728000000)/,00048719,/Date(1364688000000)/,/Date(1419893633000)/
1,/Date(1351728000000)/,00048995,/Date(1364688000000)/,/Date(1419893990000)/
1,/Date(1351728000000)/,00049009,/Date(1396224000000)/,/Date(1419893990000)/
1,/Date(1351728000000)/,00049644,/Date(1364688000000)/,/Date(1419893990000)/
1,/Date(1351728000000)/,00049744,/Date(1364688000000)/,/Date(1419888994000)/
1,/Date(1351728000000)/,00050443,/Date(1364688000000)/,/Date(1427285142000)/
1,/Date(1351728000000)/,00050444,/Date(1364688000000)/,/Date(1419888994000)/
1,/Date(1351728000000)/,00050445,/Date(1364688000000)/,/Date(1427285142000)/
1,/Date(1351728000000)/,00050446,/Date(1364688000000)/,/Date(1427285143000)/
1,/Date(1351728000000)/,00050447,/Date(1364688000000)/,/Date(1419887809000)/
1,/Date(1351728000000)/,00050449,/Date(1364688000000)/,/Date(1427285145000)/
1,/Date(1351728000000)/,00050475,/Date(1364688000000)/,/Date(1419888994000)/
1,/Date(1351728000000)/,00051006,/Date(1396224000000)/,/Date(1419886434000)/
1,/Date(1351728000000)/,00051135,/Date(1364688000000)/,/Date(1419888996000)/
1,/Date(1351728000000)/,00051684,/Date(1364688000000)/,/Date(1427285148000)/
1,/Date(1351728000000)/,00051799,/Date(1359590400000)/,/Date(1419888998000)/
1,/Date(1351728000000)/,00052570,/Date(1359590400000)/,/Date(1419893638000)/
1,/Date(1351728000000)/,00052572,/Date(1359590400000)/,/Date(1419888998000)/
1,/Date(1351728000000)/,00052575,/Date(1359590400000)/,/Date(1419893639000)/
1,/Date(1351728000000)/,00052578,/Date(1359590400000)/,/Date(1419887813000)/
1,/Date(1351728000000)/,00052579,/Date(1359590400000)/,/Date(1419888998000)/
1,/Date(1351728000000)/,00052580,/Date(1359590400000)/,/Date(1419886436000)/
1,/Date(1351728000000)/,00052875,/Date(1364688000000)/,/Date(1427285150000)/
1,/Date(1351728000000)/,00053125,/Date(1380499200000)/,/Date(1419893641000)/
1,/Date(1351728000000)/,00053729,/Date(1364688000000)/,/Date(1427285152000)/
1,/Date(1351728000000)/,00053823,/Date(1359590400000)/,/Date(1419893643000)/
1,/Date(1351728000000)/,00054051,/Date(1364688000000)/,/Date(1419893993000)/
1,/Date(1351728000000)/,00054171,/Date(1364688000000)/,/Date(1419889000000)/
1,/Date(1351728000000)/,00055075,/Date(1364688000000)/,/Date(1427285161000)/
1,/Date(1351728000000)/,00055078,/Date(1364688000000)/,/Date(1419889002000)/
1,/Date(1351728000000)/,00055080,/Date(1364688000000)/,/Date(1419893993000)/
1,/Date(1351728000000)/,00055097,/Date(1364688000000)/,/Date(1419886436000)/
1,/Date(1351728000000)/,00055098,/Date(1364688000000)/,/Date(1419893644000)/
1,/Date(1351728000000)/,00055160,/Date(1364688000000)/,/Date(1419887818000)/
1,/Date(1351728000000)/,00055253,/Date(1419984000000)/,/Date(1474113786000)/
1,/Date(1351728000000)/,00055285,/Date(1364688000000)/,/Date(1427285163000)/
1,/Date(1351728000000)/,00055297,/Date(1364688000000)/,/Date(1419889002000)/
1,/Date(1351728000000)/,00056310,/Date(1364688000000)/,/Date(1419889005000)/
1,/Date(1351728000000)/,00056472,/Date(1380499200000)/,/Date(1419893645000)/
1,/Date(1351728000000)/,00056654,/Date(1419984000000)/,/Date(1474113788000)/
1,/Date(1351728000000)/,00056658,/Date(1359590400000)/,/Date(1419893647000)/
1,/Date(1351728000000)/,00056754,/Date(1419984000000)/,/Date(1474113788000)/
1,/Date(1351728000000)/,00057352,/Date(1377907200000)/,/Date(1419893649000)/
1,/Date(1351728000000)/,00058290,/Date(1364688000000)/,/Date(1419887824000)/
1,/Date(1351728000000)/,00058292,/Date(1364688000000)/,/Date(1427285178000)/
1,/Date(1351728000000)/,00058294,/Date(1364688000000)/,/Date(1419889011000)/
1,/Date(1351728000000)/,00058975,/Date(1393545600000)/,/Date(1419889013000)/
1,/Date(1351728000000)/,00059160,/Date(1364688000000)/,/Date(1419887827000)/
1,/Date(1351728000000)/,00059401,/Date(1359590400000)/,/Date(1427285181000)/
1,/Date(1351728000000)/,00059407,/Date(1359590400000)/,/Date(1419886441000)/
1,/Date(1351728000000)/,00059416,/Date(1380499200000)/,/Date(1419893996000)/
1,/Date(1351728000000)/,00059418,/Date(1372550400000)/,/Date(1419893651000)/
1,/Date(1351728000000)/,00059439,/Date(1419984000000)/,/Date(1474113788000)/
1,/Date(1351728000000)/,00059463,/Date(1364688000000)/,/Date(1419893651000)/
1,/Date(1351728000000)/,00059464,/Date(1359590400000)/,/Date(1419893996000)/
1,/Date(1351728000000)/,00059472,/Date(1359590400000)/,/Date(1427285184000)/
1,/Date(1351728000000)/,00059476,/Date(1364688000000)/,/Date(1427285186000)/
1,/Date(1351728000000)/,00059480,/Date(1364688000000)/,/Date(1427285187000)/
1,/Date(1351728000000)/,00060740,/Date(1359590400000)/,/Date(1419893653000)/
1,/Date(1351728000000)/,00060956,/Date(1359590400000)/,/Date(1419887831000)/
1,/Date(1351728000000)/,00061166,/Date(1364688000000)/,/Date(1419887833000)/
1,/Date(1351728000000)/,00061503,/Date(1372550400000)/,/Date(1474800832000)/
1,/Date(1351728000000)/,00062381,/Date(1419984000000)/,/Date(1419889017000)/
1,/Date(1351728000000)/,00063499,/Date(1372550400000)/,/Date(1474800832000)/
1,/Date(1351728000000)/,00063884,/Date(1364688000000)/,/Date(1511431160000)/
1,/Date(1351728000000)/,00065263,/Date(1388448000000)/,/Date(1419893657000)/
1,/Date(1351728000000)/,00065571,/Date(1383177600000)/,/Date(1419889020000)/
1,/Date(1351728000000)/,00065573,/Date(1359590400000)/,/Date(1427285202000)/
1,/Date(1351728000000)/,00065576,/Date(1359590400000)/,/Date(1427285202000)/
1,/Date(1351728000000)/,00068222,/Date(1364688000000)/,/Date(1419889023000)/
1,/Date(1351728000000)/,00076007,/Date(1369958400000)/,/Date(1419889032000)/
1,/Date(1351728000000)/,50002632,/Date(1364688000000)/,/Date(1485783960000)/
1,/Date(1351728000000)/,50002720,/Date(1364688000000)/,/Date(1419894338000)/
1,/Date(1351728000000)/,50002730,/Date(1364688000000)/,/Date(1419894339000)/
1,/Date(1351728000000)/,50002739,/Date(1364688000000)/,/Date(1419894043000)/
1,/Date(1351728000000)/,50002740,/Date(1359590400000)/,/Date(1419894044000)/
1,/Date(1351728000000)/,50002757,/Date(1364688000000)/,/Date(1419894346000)/
1,/Date(1351728000000)/,50002841,/Date(1372550400000)/,/Date(1419877576000)/
1,/Date(1351728000000)/,50002984,/Date(1372550400000)/,/Date(1419894049000)/
1,/Date(1351728000000)/,50002995,/Date(1364688000000)/,/Date(1419894052000)/
1,/Date(1351728000000)/,50002996,/Date(1364688000000)/,/Date(1419894052000)/
1,/Date(1351728000000)/,50003006,/Date(1359590400000)/,/Date(1419894056000)/
1,/Date(1351728000000)/,50003012,/Date(1362960000000)/,/Date(1419894056000)/
1,/Date(1351728000000)/,50003019,/Date(1359590400000)/,/Date(1427285388000)/
1,/Date(1351728000000)/,50003023,/Date(1359590400000)/,/Date(1419879358000)/
1,/Date(1351728000000)/,50003030,/Date(1364688000000)/,/Date(1419894056000)/
1,/Date(1351728000000)/,50003039,/Date(1419984000000)/,/Date(1419894056000)/
1,/Date(1351728000000)/,50003042,/Date(1419984000000)/,/Date(1419894056000)/
1,/Date(1351728000000)/,50003044,/Date(1377907200000)/,/Date(1419879560000)/
1,/Date(1351728000000)/,50003046,/Date(1359590400000)/,/Date(1419894056000)/
1,/Date(1351728000000)/,50003070,/Date(1359590400000)/,/Date(1419894058000)/
1,/Date(1351728000000)/,50003078,/Date(1359590400000)/,/Date(1419894060000)/
1,/Date(1351728000000)/,50003083,/Date(1419984000000)/,/Date(1419894064000)/
1,/Date(1351728000000)/,50003086,/Date(1369958400000)/,/Date(1419894356000)/
1,/Date(1351728000000)/,50003088,/Date(1364688000000)/,/Date(1419894064000)/
1,/Date(1351728000000)/,50003093,/Date(1359590400000)/,/Date(1419894064000)/
1,/Date(1351728000000)/,50003097,/Date(1380499200000)/,/Date(1427285396000)/
1,/Date(1351728000000)/,50003222,/Date(1364688000000)/,/Date(1419895262000)/
1,/Date(1351728000000)/,50003405,/Date(1364688000000)/,/Date(1419895280000)/
1,/Date(1351728000000)/,50003406,/Date(1419984000000)/,/Date(1419896696000)/
1,/Date(1351728000000)/,50003462,/Date(1364688000000)/,/Date(1419896697000)/
1,/Date(1351728000000)/,50003466,/Date(1364688000000)/,/Date(1419895287000)/
1,/Date(1351728000000)/,50003467,/Date(1364688000000)/,/Date(1419895287000)/
1,/Date(1351728000000)/,50003546,/Date(1364688000000)/,/Date(1419896708000)/
1,/Date(1351728000000)/,50003578,/Date(1375228800000)/,/Date(1419895300000)/
1,/Date(1351728000000)/,50003590,/Date(1419984000000)/,/Date(1474113832000)/
1,/Date(1351728000000)/,50003594,/Date(1364688000000)/,/Date(1419896710000)/
1,/Date(1351728000000)/,50003612,/Date(1380499200000)/,/Date(1419896714000)/
1,/Date(1351728000000)/,50003658,/Date(1377907200000)/,/Date(1419889786000)/
1,/Date(1351728000000)/,50003763,/Date(1364688000000)/,/Date(1419895315000)/
1,/Date(1351728000000)/,50003793,/Date(1364688000000)/,/Date(1419881343000)/
1,/Date(1351728000000)/,50003838,/Date(1364688000000)/,/Date(1419895321000)/
1,/Date(1351728000000)/,50003866,/Date(1364688000000)/,/Date(1419895325000)/
1,/Date(1351728000000)/,50004008,/Date(1375228800000)/,/Date(1419896749000)/
1,/Date(1351728000000)/,50004037,/Date(1359072000000)/,/Date(1419895340000)/
1,/Date(1351728000000)/,50004056,/Date(1364688000000)/,/Date(1419896757000)/
1,/Date(1351728000000)/,50004079,/Date(1377907200000)/,/Date(1419896761000)/
1,/Date(1351728000000)/,50004194,/Date(1388448000000)/,/Date(1419894356000)/
1,/Date(1351728000000)/,50004230,/Date(1362009600000)/,/Date(1420229233000)/
1,/Date(1351728000000)/,50004242,/Date(1362009600000)/,/Date(1419881354000)/
1,/Date(1351728000000)/,50004302,/Date(1419984000000)/,/Date(1474113841000)/
1,/Date(1351728000000)/,50004311,/Date(1419984000000)/,/Date(1474113843000)/
1,/Date(1351728000000)/,50004558,/Date(1364688000000)/,/Date(1419895391000)/
1,/Date(1351728000000)/,50004628,/Date(1364688000000)/,/Date(1419896809000)/
1,/Date(1351728000000)/,50004635,/Date(1362009600000)/,/Date(1419896811000)/
1,/Date(1351728000000)/,50004653,/Date(1359590400000)/,/Date(1435568306000)/
1,/Date(1351728000000)/,50004728,/Date(1364688000000)/,/Date(1418739311000)/
1,/Date(1351728000000)/,50004748,/Date(1377907200000)/,/Date(1419896824000)/
1,/Date(1351728000000)/,50004812,/Date(1419984000000)/,/Date(1474113853000)/
1,/Date(1351728000000)/,50004856,/Date(1364688000000)/,/Date(1420390016000)/
1,/Date(1351728000000)/,50004911,/Date(1419984000000)/,/Date(1474113853000)/
1,/Date(1351728000000)/,50004955,/Date(1367280000000)/,/Date(1419895432000)/
1,/Date(1351728000000)/,50004968,/Date(1364688000000)/,/Date(1419895432000)/
1,/Date(1351728000000)/,50004999,/Date(1419984000000)/,/Date(1474113851000)/
1,/Date(1351728000000)/,50005033,/Date(1364688000000)/,/Date(1419896857000)/
1,/Date(1351728000000)/,50005102